polymorphic_ctype,id,name,slug,fr_place_id,place_code,location_point,is_active,to_filter,created,updated,city
251,,MIRAFLORES,colombia-magdalena-santa-marta-7201001-miraflores,7201001,,SRID=4326;POINT(-74.185522 11.272793),1,1,2022-1-13 17:55:17,2022-1-13 17:55:17,7200003
251,,CENTRO TAGANGA,colombia-magdalena-santa-marta-7201002-centro-taganga,7201002,,SRID=4326;POINT(-74.188072 11.269647),1,1,2022-1-13 17:55:17,2022-1-13 17:55:17,7200003
251,,LA ANTENA,colombia-magdalena-santa-marta-7201003-la-antena,7201003,,SRID=4326;POINT(-74.185174 11.271264),1,1,2022-1-13 17:55:17,2022-1-13 17:55:17,7200003
251,,HOLIWOOD,colombia-magdalena-santa-marta-7201004-holiwood,7201004,,SRID=4326;POINT(-74.192029 11.271205),1,1,2022-1-13 17:55:17,2022-1-13 17:55:17,7200003
251,,DUMARUKA,colombia-magdalena-santa-marta-7201005-dumaruka,7201005,,SRID=4326;POINT(-74.190372 11.270261),1,1,2022-1-13 17:55:17,2022-1-13 17:55:17,7200003
251,,CAMPING,colombia-magdalena-santa-marta-7201006-camping,7201006,,SRID=4326;POINT(-74.188038 11.266162),1,1,2022-1-13 17:55:17,2022-1-13 17:55:17,7200003
251,,OASIS,colombia-magdalena-santa-marta-7201007-oasis,7201007,,SRID=4326;POINT(-74.182165 11.263137),1,1,2022-1-13 17:55:17,2022-1-13 17:55:17,7200003
251,,ALTOS SAN JORGE,colombia-magdalena-santa-marta-7201008-altos-san-jorge,7201008,,SRID=4326;POINT(-74.195289 11.252942),1,1,2022-1-13 17:55:17,2022-1-13 17:55:17,7200003
251,,OLAYA HERRERA,colombia-magdalena-santa-marta-7201009-olaya-herrera,7201009,,SRID=4326;POINT(-74.202169 11.252016),1,1,2022-1-13 17:55:17,2022-1-13 17:55:17,7200003
251,,20 DE JULIO,colombia-magdalena-santa-marta-7201010-20-de-julio,7201010,,SRID=4326;POINT(-74.198263 11.251886),1,1,2022-1-13 17:55:17,2022-1-13 17:55:17,7200003
251,,ALMENDROS,colombia-magdalena-santa-marta-7201011-almendros,7201011,,SRID=4326;POINT(-74.193491 11.247589),1,1,2022-1-13 17:55:17,2022-1-13 17:55:17,7200003
251,,BETANIA,colombia-magdalena-santa-marta-7201012-betania,7201012,,SRID=4326;POINT(-74.197014 11.249971),1,1,2022-1-13 17:55:17,2022-1-13 17:55:17,7200003
251,,ALTOS DELICIAS,colombia-magdalena-santa-marta-7201013-altos-delicias,7201013,,SRID=4326;POINT(-74.174214 11.248517),1,1,2022-1-13 17:55:17,2022-1-13 17:55:17,7200003
251,,OBRERO,colombia-magdalena-santa-marta-7201014-obrero,7201014,,SRID=4326;POINT(-74.198745 11.248547),1,1,2022-1-13 17:55:17,2022-1-13 17:55:17,7200003
251,,ALFONSO LOPEZ,colombia-magdalena-santa-marta-7201015-alfonso-lopez,7201015,,SRID=4326;POINT(-74.190101 11.247682),1,1,2022-1-13 17:55:17,2022-1-13 17:55:17,7200003
251,,EL PRADITO,colombia-magdalena-santa-marta-7201016-el-pradito,7201016,,SRID=4326;POINT(-74.202109 11.249096),1,1,2022-1-13 17:55:17,2022-1-13 17:55:17,7200003
251,,CHIMILA II,colombia-magdalena-santa-marta-7201017-chimila-ii,7201017,,SRID=4326;POINT(-74.168561 11.248131),1,1,2022-1-13 17:55:17,2022-1-13 17:55:17,7200003
251,,MIRAFLORES,colombia-magdalena-santa-marta-7201018-miraflores,7201018,,SRID=4326;POINT(-74.202175 11.246967),1,1,2022-1-13 17:55:17,2022-1-13 17:55:17,7200003
251,,CENTRO,colombia-magdalena-santa-marta-7201019-centro,7201019,,SRID=4326;POINT(-74.210855 11.243924),1,1,2022-1-13 17:55:17,2022-1-13 17:55:17,7200003
251,,BASTIDAS,colombia-magdalena-santa-marta-7201020-bastidas,7201020,,SRID=4326;POINT(-74.174336 11.245546),1,1,2022-1-13 17:55:17,2022-1-13 17:55:17,7200003
251,,CHIMILA I,colombia-magdalena-santa-marta-7201021-chimila-i,7201021,,SRID=4326;POINT(-74.169734 11.246514),1,1,2022-1-13 17:55:17,2022-1-13 17:55:17,7200003
251,,HABITAT QUINTAS DEL COUNTRY,colombia-magdalena-santa-marta-7201022-habitat-quintas-del-country,7201022,,SRID=4326;POINT(-74.197729 11.24656),1,1,2022-1-13 17:55:17,2022-1-13 17:55:17,7200003
251,,VERACRUZ,colombia-magdalena-santa-marta-7201023-veracruz,7201023,,SRID=4326;POINT(-74.199477 11.24657),1,1,2022-1-13 17:55:17,2022-1-13 17:55:17,7200003
251,,CERROS,colombia-magdalena-santa-marta-7201024-cerros,7201024,,SRID=4326;POINT(-74.171883 11.244365),1,1,2022-1-13 17:55:17,2022-1-13 17:55:17,7200003
251,,MERCADO,colombia-magdalena-santa-marta-7201025-mercado,7201025,,SRID=4326;POINT(-74.206691 11.245558),1,1,2022-1-13 17:55:17,2022-1-13 17:55:17,7200003
251,,ENSENADA ALFONSO LOPEZ,colombia-magdalena-santa-marta-7201026-ensenada-alfonso-lopez,7201026,,SRID=4326;POINT(-74.187582 11.246344),1,1,2022-1-13 17:55:17,2022-1-13 17:55:17,7200003
251,,MARIA CRISTINA,colombia-magdalena-santa-marta-7201027-maria-cristina,7201027,,SRID=4326;POINT(-74.179071 11.245295),1,1,2022-1-13 17:55:17,2022-1-13 17:55:17,7200003
251,,GALAN,colombia-magdalena-santa-marta-7201028-galan,7201028,,SRID=4326;POINT(-74.167317 11.244961),1,1,2022-1-13 17:55:17,2022-1-13 17:55:17,7200003
251,,LAS DELICIAS,colombia-magdalena-santa-marta-7201029-las-delicias,7201029,,SRID=4326;POINT(-74.197091 11.245204),1,1,2022-1-13 17:55:17,2022-1-13 17:55:17,7200003
251,,EL RECREO,colombia-magdalena-santa-marta-7201030-el-recreo,7201030,,SRID=4326;POINT(-74.195245 11.245196),1,1,2022-1-13 17:55:17,2022-1-13 17:55:17,7200003
251,,CESAR MENDOZA,colombia-magdalena-santa-marta-7201031-cesar-mendoza,7201031,,SRID=4326;POINT(-74.18775 11.244754),1,1,2022-1-13 17:55:17,2022-1-13 17:55:17,7200003
251,,LA COQUERA,colombia-magdalena-santa-marta-7201032-la-coquera,7201032,,SRID=4326;POINT(-74.204203 11.245349),1,1,2022-1-13 17:55:17,2022-1-13 17:55:17,7200003
251,,LAS VILLAS,colombia-magdalena-santa-marta-7201033-las-villas,7201033,,SRID=4326;POINT(-74.198183 11.244503),1,1,2022-1-13 17:55:17,2022-1-13 17:55:17,7200003
251,,MANGUITOS,colombia-magdalena-santa-marta-7201034-manguitos,7201034,,SRID=4326;POINT(-74.201958 11.244909),1,1,2022-1-13 17:55:17,2022-1-13 17:55:17,7200003
251,,GOENAGA,colombia-magdalena-santa-marta-7201035-goenaga,7201035,,SRID=4326;POINT(-74.200158 11.24475),1,1,2022-1-13 17:55:17,2022-1-13 17:55:17,7200003
251,,LOS COCOS,colombia-magdalena-santa-marta-7201036-los-cocos,7201036,,SRID=4326;POINT(-74.204289 11.244439),1,1,2022-1-13 17:55:17,2022-1-13 17:55:17,7200003
251,,JUAN 23,colombia-magdalena-santa-marta-7201037-juan-23,7201037,,SRID=4326;POINT(-74.182974 11.242877),1,1,2022-1-13 17:55:17,2022-1-13 17:55:17,7200003
251,,URBANIZACION RIASCOS,colombia-magdalena-santa-marta-7201038-urbanizacion-riascos,7201038,,SRID=4326;POINT(-74.19674 11.24399),1,1,2022-1-13 17:55:17,2022-1-13 17:55:17,7200003
251,,ONDAS DEL CARIBE,colombia-magdalena-santa-marta-7201039-ondas-del-caribe,7201039,,SRID=4326;POINT(-74.167931 11.242887),1,1,2022-1-13 17:55:17,2022-1-13 17:55:17,7200003
251,,SAN FRANCISCO,colombia-magdalena-santa-marta-7201040-san-francisco,7201040,,SRID=4326;POINT(-74.190721 11.243589),1,1,2022-1-13 17:55:17,2022-1-13 17:55:17,7200003
251,,OLIVOS,colombia-magdalena-santa-marta-7201041-olivos,7201041,,SRID=4326;POINT(-74.187851 11.242997),1,1,2022-1-13 17:55:17,2022-1-13 17:55:17,7200003
251,,DELICIAS,colombia-magdalena-santa-marta-7201042-delicias,7201042,,SRID=4326;POINT(-74.198853 11.241558),1,1,2022-1-13 17:55:17,2022-1-13 17:55:17,7200003
251,,CUNDI,colombia-magdalena-santa-marta-7201043-cundi,7201043,,SRID=4326;POINT(-74.201824 11.242026),1,1,2022-1-13 17:55:17,2022-1-13 17:55:17,7200003
251,,COLON,colombia-magdalena-santa-marta-7201044-colon,7201044,,SRID=4326;POINT(-74.206082 11.243418),1,1,2022-1-13 17:55:17,2022-1-13 17:55:17,7200003
251,,EL PUEBLITO,colombia-magdalena-santa-marta-7201045-el-pueblito,7201045,,SRID=4326;POINT(-74.20532 11.242652),1,1,2022-1-13 17:55:17,2022-1-13 17:55:17,7200003
251,,BALCONES DEL LIBERTADOR,colombia-magdalena-santa-marta-7201046-balcones-del-libertador,7201046,,SRID=4326;POINT(-74.180055 11.242197),1,1,2022-1-13 17:55:17,2022-1-13 17:55:17,7200003
251,,PEREZ DAVILA,colombia-magdalena-santa-marta-7201047-perez-davila,7201047,,SRID=4326;POINT(-74.196361 11.24224),1,1,2022-1-13 17:55:17,2022-1-13 17:55:17,7200003
251,,GUIDO,colombia-magdalena-santa-marta-7201048-guido,7201048,,SRID=4326;POINT(-74.190631 11.24183),1,1,2022-1-13 17:55:17,2022-1-13 17:55:17,7200003
251,,TERRITORIAL,colombia-magdalena-santa-marta-7201049-territorial,7201049,,SRID=4326;POINT(-74.205648 11.240637),1,1,2022-1-13 17:55:17,2022-1-13 17:55:17,7200003
251,,EL PANTANO,colombia-magdalena-santa-marta-7201050-el-pantano,7201050,,SRID=4326;POINT(-74.172262 11.23968),1,1,2022-1-13 17:55:17,2022-1-13 17:55:17,7200003
251,,SAN CARLOS,colombia-magdalena-santa-marta-7201051-san-carlos,7201051,,SRID=4326;POINT(-74.182872 11.241546),1,1,2022-1-13 17:55:17,2022-1-13 17:55:17,7200003
251,,VILLAS DEL LIBERTADOR,colombia-magdalena-santa-marta-7201052-villas-del-libertador,7201052,,SRID=4326;POINT(-74.182202 11.241536),1,1,2022-1-13 17:55:17,2022-1-13 17:55:17,7200003
251,,SAN LUCIDO,colombia-magdalena-santa-marta-7201053-san-lucido,7201053,,SRID=4326;POINT(-74.18938 11.241441),1,1,2022-1-13 17:55:17,2022-1-13 17:55:17,7200003
251,,CARIBEA,colombia-magdalena-santa-marta-7201054-caribea,7201054,,SRID=4326;POINT(-74.1821 11.241184),1,1,2022-1-13 17:55:17,2022-1-13 17:55:17,7200003
251,,MIRAMAR,colombia-magdalena-santa-marta-7201055-miramar,7201055,,SRID=4326;POINT(-74.216986 11.239374),1,1,2022-1-13 17:55:17,2022-1-13 17:55:17,7200003
251,,VILLA OLIMPICA SIMON BOLIVAR,colombia-magdalena-santa-marta-7201056-villa-olimpica-simon-bolivar,7201056,,SRID=4326;POINT(-74.194446 11.238821),1,1,2022-1-13 17:55:17,2022-1-13 17:55:17,7200003
251,,BELLAVISTA,colombia-magdalena-santa-marta-7201057-bellavista,7201057,,SRID=4326;POINT(-74.215453 11.237745),1,1,2022-1-13 17:55:17,2022-1-13 17:55:17,7200003
251,,QUINTA DE SAN PEDRO,colombia-magdalena-santa-marta-7201058-quinta-de-san-pedro,7201058,,SRID=4326;POINT(-74.180898 11.240728),1,1,2022-1-13 17:55:17,2022-1-13 17:55:17,7200003
251,,JARDIN,colombia-magdalena-santa-marta-7201059-jardin,7201059,,SRID=4326;POINT(-74.189392 11.238417),1,1,2022-1-13 17:55:17,2022-1-13 17:55:17,7200003
251,,LOS TRONCOS,colombia-magdalena-santa-marta-7201060-los-troncos,7201060,,SRID=4326;POINT(-74.213427 11.240047),1,1,2022-1-13 17:55:17,2022-1-13 17:55:17,7200003
251,,LOS ALCAZARES,colombia-magdalena-santa-marta-7201061-los-alcazares,7201061,,SRID=4326;POINT(-74.201002 11.236685),1,1,2022-1-13 17:55:17,2022-1-13 17:55:17,7200003
251,,VILLA TARY,colombia-magdalena-santa-marta-7201062-villa-tary,7201062,,SRID=4326;POINT(-74.18764 11.240717),1,1,2022-1-13 17:55:17,2022-1-13 17:55:17,7200003
251,,NUEVA GRANADA,colombia-magdalena-santa-marta-7201063-nueva-granada,7201063,,SRID=4326;POINT(-74.186239 11.239078),1,1,2022-1-13 17:55:17,2022-1-13 17:55:17,7200003
251,,LAS FLORES,colombia-magdalena-santa-marta-7201064-las-flores,7201064,,SRID=4326;POINT(-74.200885 11.24031),1,1,2022-1-13 17:55:17,2022-1-13 17:55:17,7200003
251,,EL PRADO,colombia-magdalena-santa-marta-7201065-el-prado,7201065,,SRID=4326;POINT(-74.211265 11.236776),1,1,2022-1-13 17:55:17,2022-1-13 17:55:17,7200003
251,,MUNICIPAL,colombia-magdalena-santa-marta-7201066-municipal,7201066,,SRID=4326;POINT(-74.197933 11.239693),1,1,2022-1-13 17:55:17,2022-1-13 17:55:17,7200003
251,,LA ESPERANZA,colombia-magdalena-santa-marta-7201067-la-esperanza,7201067,,SRID=4326;POINT(-74.209231 11.23827),1,1,2022-1-13 17:55:17,2022-1-13 17:55:17,7200003
251,,LOS ALPES,colombia-magdalena-santa-marta-7201068-los-alpes,7201068,,SRID=4326;POINT(-74.150325 11.237781),1,1,2022-1-13 17:55:17,2022-1-13 17:55:17,7200003
251,,13 DE JUNIO,colombia-magdalena-santa-marta-7201069-13-de-junio,7201069,,SRID=4326;POINT(-74.198344 11.238415),1,1,2022-1-13 17:55:17,2022-1-13 17:55:17,7200003
251,,VILLA SARA I,colombia-magdalena-santa-marta-7201070-villa-sara-i,7201070,,SRID=4326;POINT(-74.177599 11.238973),1,1,2022-1-13 17:55:17,2022-1-13 17:55:17,7200003
251,,VILLA SARA,colombia-magdalena-santa-marta-7201071-villa-sara,7201071,,SRID=4326;POINT(-74.17843 11.238515),1,1,2022-1-13 17:55:17,2022-1-13 17:55:17,7200003
251,,BOLIVAR,colombia-magdalena-santa-marta-7201072-bolivar,7201072,,SRID=4326;POINT(-74.206063 11.237648),1,1,2022-1-13 17:55:17,2022-1-13 17:55:17,7200003
251,,ALTO DEL LIBERTADOR,colombia-magdalena-santa-marta-7201073-alto-del-libertador,7201073,,SRID=4326;POINT(-74.180003 11.238982),1,1,2022-1-13 17:55:17,2022-1-13 17:55:17,7200003
251,,SANTA FE,colombia-magdalena-santa-marta-7201074-santa-fe,7201074,,SRID=4326;POINT(-74.174185 11.237508),1,1,2022-1-13 17:55:17,2022-1-13 17:55:17,7200003
251,,SAN LUIS BELTRAN,colombia-magdalena-santa-marta-7201075-san-luis-beltran,7201075,,SRID=4326;POINT(-74.177819 11.237328),1,1,2022-1-13 17:55:17,2022-1-13 17:55:17,7200003
251,,PARAISO SALVADOR,colombia-magdalena-santa-marta-7201076-paraiso-salvador,7201076,,SRID=4326;POINT(-74.172249 11.237127),1,1,2022-1-13 17:55:17,2022-1-13 17:55:17,7200003
251,,VILLA SARA II,colombia-magdalena-santa-marta-7201077-villa-sara-ii,7201077,,SRID=4326;POINT(-74.179177 11.237733),1,1,2022-1-13 17:55:17,2022-1-13 17:55:17,7200003
251,,LOS LAURELES BONDA,colombia-magdalena-santa-marta-7201078-los-laureles-bonda,7201078,,SRID=4326;POINT(-74.132658 11.235193),1,1,2022-1-13 17:55:17,2022-1-13 17:55:17,7200003
251,,LA FLORIDA,colombia-magdalena-santa-marta-7201079-la-florida,7201079,,SRID=4326;POINT(-74.176258 11.236228),1,1,2022-1-13 17:55:17,2022-1-13 17:55:17,7200003
251,,TIMAYUI I,colombia-magdalena-santa-marta-7201080-timayui-i,7201080,,SRID=4326;POINT(-74.147084 11.233554),1,1,2022-1-13 17:55:17,2022-1-13 17:55:17,7200003
251,,SANTA VERONICA,colombia-magdalena-santa-marta-7201081-santa-veronica,7201081,,SRID=4326;POINT(-74.204085 11.235377),1,1,2022-1-13 17:55:17,2022-1-13 17:55:17,7200003
251,,ALAMBIQUE,colombia-magdalena-santa-marta-7201082-alambique,7201082,,SRID=4326;POINT(-74.207854 11.234906),1,1,2022-1-13 17:55:17,2022-1-13 17:55:17,7200003
251,,LAS VILLAS,colombia-magdalena-santa-marta-7201083-las-villas,7201083,,SRID=4326;POINT(-74.195701 11.236237),1,1,2022-1-13 17:55:17,2022-1-13 17:55:17,7200003
251,,VILLA JARDIN,colombia-magdalena-santa-marta-7201084-villa-jardin,7201084,,SRID=4326;POINT(-74.188032 11.236238),1,1,2022-1-13 17:55:17,2022-1-13 17:55:17,7200003
251,,SANTA CECILIA,colombia-magdalena-santa-marta-7201085-santa-cecilia,7201085,,SRID=4326;POINT(-74.216383 11.235808),1,1,2022-1-13 17:55:17,2022-1-13 17:55:17,7200003
251,,LOS ANGELES,colombia-magdalena-santa-marta-7201086-los-angeles,7201086,,SRID=4326;POINT(-74.209292 11.234858),1,1,2022-1-13 17:55:17,2022-1-13 17:55:17,7200003
251,,EL PORVENIR,colombia-magdalena-santa-marta-7201087-el-porvenir,7201087,,SRID=4326;POINT(-74.193164 11.234874),1,1,2022-1-13 17:55:17,2022-1-13 17:55:17,7200003
251,,C JUDICIAL,colombia-magdalena-santa-marta-7201088-c-judicial,7201088,,SRID=4326;POINT(-74.198162 11.235394),1,1,2022-1-13 17:55:17,2022-1-13 17:55:17,7200003
251,,ALTOS DE SANTA RITA,colombia-magdalena-santa-marta-7201089-altos-de-santa-rita,7201089,,SRID=4326;POINT(-74.189855 11.235485),1,1,2022-1-13 17:55:17,2022-1-13 17:55:17,7200003
251,,JARDINES DE PAZ,colombia-magdalena-santa-marta-7201090-jardines-de-paz,7201090,,SRID=4326;POINT(-74.16733 11.232667),1,1,2022-1-13 17:55:17,2022-1-13 17:55:17,7200003
251,,CARDONALES,colombia-magdalena-santa-marta-7201091-cardonales,7201091,,SRID=4326;POINT(-74.169355 11.234855),1,1,2022-1-13 17:55:17,2022-1-13 17:55:17,7200003
251,,SANTA CATALINA,colombia-magdalena-santa-marta-7201092-santa-catalina,7201092,,SRID=4326;POINT(-74.196198 11.234811),1,1,2022-1-13 17:55:17,2022-1-13 17:55:17,7200003
251,,NUEVA GALICIA,colombia-magdalena-santa-marta-7201093-nueva-galicia,7201093,,SRID=4326;POINT(-74.175055 11.233244),1,1,2022-1-13 17:55:17,2022-1-13 17:55:17,7200003
251,,SAN PEDRO ALEJANDRINO,colombia-magdalena-santa-marta-7201094-san-pedro-alejandrino,7201094,,SRID=4326;POINT(-74.178839 11.231576),1,1,2022-1-13 17:55:17,2022-1-13 17:55:17,7200003
251,,BOSTON,colombia-magdalena-santa-marta-7201095-boston,7201095,,SRID=4326;POINT(-74.203147 11.234453),1,1,2022-1-13 17:55:17,2022-1-13 17:55:17,7200003
251,,LA TENERIA,colombia-magdalena-santa-marta-7201096-la-teneria,7201096,,SRID=4326;POINT(-74.213051 11.234159),1,1,2022-1-13 17:55:17,2022-1-13 17:55:17,7200003
251,,SANTA HELENA,colombia-magdalena-santa-marta-7201097-santa-helena,7201097,,SRID=4326;POINT(-74.197991 11.233572),1,1,2022-1-13 17:55:17,2022-1-13 17:55:17,7200003
251,,VILLA DANNY,colombia-magdalena-santa-marta-7201098-villa-danny,7201098,,SRID=4326;POINT(-74.177238 11.234356),1,1,2022-1-13 17:55:17,2022-1-13 17:55:17,7200003
251,,BAVARIA,colombia-magdalena-santa-marta-7201099-bavaria,7201099,,SRID=4326;POINT(-74.203137 11.231581),1,1,2022-1-13 17:55:17,2022-1-13 17:55:17,7200003
251,,TAMINACA 1,colombia-magdalena-santa-marta-7201100-taminaca-1,7201100,,SRID=4326;POINT(-74.206824 11.233081),1,1,2022-1-13 17:55:17,2022-1-13 17:55:17,7200003
251,,VILLA ROSA,colombia-magdalena-santa-marta-7201101-villa-rosa,7201101,,SRID=4326;POINT(-74.201525 11.233656),1,1,2022-1-13 17:55:17,2022-1-13 17:55:17,7200003
251,,POSTOBON,colombia-magdalena-santa-marta-7201102-postobon,7201102,,SRID=4326;POINT(-74.1899 11.233725),1,1,2022-1-13 17:55:17,2022-1-13 17:55:17,7200003
251,,MANZANAREZ,colombia-magdalena-santa-marta-7201103-manzanarez,7201103,,SRID=4326;POINT(-74.211262 11.231963),1,1,2022-1-13 17:55:17,2022-1-13 17:55:17,7200003
251,,SILVIA ROSA,colombia-magdalena-santa-marta-7201104-silvia-rosa,7201104,,SRID=4326;POINT(-74.198988 11.233529),1,1,2022-1-13 17:55:17,2022-1-13 17:55:17,7200003
251,,CATALINA 2000,colombia-magdalena-santa-marta-7201105-catalina-2000,7201105,,SRID=4326;POINT(-74.196315 11.233518),1,1,2022-1-13 17:55:17,2022-1-13 17:55:17,7200003
251,,PARQUE CENTRAL,colombia-magdalena-santa-marta-7201106-parque-central,7201106,,SRID=4326;POINT(-74.203725 11.233559),1,1,2022-1-13 17:55:17,2022-1-13 17:55:17,7200003
251,,NUEVO MILENIO,colombia-magdalena-santa-marta-7201107-nuevo-milenio,7201107,,SRID=4326;POINT(-74.142828 11.233116),1,1,2022-1-13 17:55:17,2022-1-13 17:55:17,7200003
251,,BEJAMIN ALZATE,colombia-magdalena-santa-marta-7201108-bejamin-alzate,7201108,,SRID=4326;POINT(-74.181145 11.23284),1,1,2022-1-13 17:55:17,2022-1-13 17:55:17,7200003
251,,MARTINETE,colombia-magdalena-santa-marta-7201109-martinete,7201109,,SRID=4326;POINT(-74.207079 11.230915),1,1,2022-1-13 17:55:17,2022-1-13 17:55:17,7200003
251,,LAS TRES CRUCES,colombia-magdalena-santa-marta-7201110-las-tres-cruces,7201110,,SRID=4326;POINT(-74.191697 11.232482),1,1,2022-1-13 17:55:17,2022-1-13 17:55:17,7200003
251,,LOS CERROS,colombia-magdalena-santa-marta-7201111-los-cerros,7201111,,SRID=4326;POINT(-74.193158 11.232779),1,1,2022-1-13 17:55:17,2022-1-13 17:55:17,7200003
251,,LOS NARANJOS,colombia-magdalena-santa-marta-7201112-los-naranjos,7201112,,SRID=4326;POINT(-74.194329 11.232809),1,1,2022-1-13 17:55:17,2022-1-13 17:55:17,7200003
251,,EL BOSQUE,colombia-magdalena-santa-marta-7201113-el-bosque,7201113,,SRID=4326;POINT(-74.170642 11.232595),1,1,2022-1-13 17:55:17,2022-1-13 17:55:17,7200003
251,,URBANIZACION NUEVA MANSION,colombia-magdalena-santa-marta-7201114-urbanizacion-nueva-mansion,7201114,,SRID=4326;POINT(-74.145904 11.231513),1,1,2022-1-13 17:55:17,2022-1-13 17:55:17,7200003
251,,LA PRADERA,colombia-magdalena-santa-marta-7201115-la-pradera,7201115,,SRID=4326;POINT(-74.195636 11.23246),1,1,2022-1-13 17:55:17,2022-1-13 17:55:17,7200003
251,,CONJUNTO RESIDENCIAL VILLA MARANO,colombia-magdalena-santa-marta-7201116-conjunto-residencial-villa-marano,7201116,,SRID=4326;POINT(-74.19894 11.231771),1,1,2022-1-13 17:55:17,2022-1-13 17:55:17,7200003
251,,NUEVO JARDIN,colombia-magdalena-santa-marta-7201117-nuevo-jardin,7201117,,SRID=4326;POINT(-74.19045 11.232299),1,1,2022-1-13 17:55:17,2022-1-13 17:55:17,7200003
251,,URBANIZACION EL RIO,colombia-magdalena-santa-marta-7201118-urbanizacion-el-rio,7201118,,SRID=4326;POINT(-74.196689 11.231961),1,1,2022-1-13 17:55:17,2022-1-13 17:55:17,7200003
251,,BAVARIA CENTRY,colombia-magdalena-santa-marta-7201119-bavaria-centry,7201119,,SRID=4326;POINT(-74.201417 11.231014),1,1,2022-1-13 17:55:17,2022-1-13 17:55:17,7200003
251,,ALEJANDRINA,colombia-magdalena-santa-marta-7201120-alejandrina,7201120,,SRID=4326;POINT(-74.171223 11.23073),1,1,2022-1-13 17:55:17,2022-1-13 17:55:17,7200003
251,,EL MAYOR,colombia-magdalena-santa-marta-7201121-el-mayor,7201121,,SRID=4326;POINT(-74.195556 11.231747),1,1,2022-1-13 17:55:17,2022-1-13 17:55:17,7200003
251,,PEREHUETANO,colombia-magdalena-santa-marta-7201122-perehuetano,7201122,,SRID=4326;POINT(-74.192849 11.231233),1,1,2022-1-13 17:55:17,2022-1-13 17:55:17,7200003
251,,URBANIZACION GARAGOA,colombia-magdalena-santa-marta-7201123-urbanizacion-garagoa,7201123,,SRID=4326;POINT(-74.149377 11.230021),1,1,2022-1-13 17:55:17,2022-1-13 17:55:17,7200003
251,,VILLA DEL CARMEN,colombia-magdalena-santa-marta-7201124-villa-del-carmen,7201124,,SRID=4326;POINT(-74.1944 11.228888),1,1,2022-1-13 17:55:17,2022-1-13 17:55:17,7200003
251,,LAS MALVINAS,colombia-magdalena-santa-marta-7201125-las-malvinas,7201125,,SRID=4326;POINT(-74.186022 11.229837),1,1,2022-1-13 17:55:17,2022-1-13 17:55:17,7200003
251,,BOLIVAR DEL RIO,colombia-magdalena-santa-marta-7201126-bolivar-del-rio,7201126,,SRID=4326;POINT(-74.161303 11.228701),1,1,2022-1-13 17:55:17,2022-1-13 17:55:17,7200003
251,,EL REFUGIO,colombia-magdalena-santa-marta-7201127-el-refugio,7201127,,SRID=4326;POINT(-74.173533 11.230041),1,1,2022-1-13 17:55:17,2022-1-13 17:55:17,7200003
251,,VILLA ELY,colombia-magdalena-santa-marta-7201128-villa-ely,7201128,,SRID=4326;POINT(-74.172001 11.230018),1,1,2022-1-13 17:55:17,2022-1-13 17:55:17,7200003
251,,COLINAS DEL RIO,colombia-magdalena-santa-marta-7201129-colinas-del-rio,7201129,,SRID=4326;POINT(-74.154312 11.229848),1,1,2022-1-13 17:55:17,2022-1-13 17:55:17,7200003
251,,SIMON BOLIVAR,colombia-magdalena-santa-marta-7201130-simon-bolivar,7201130,,SRID=4326;POINT(-74.188425 11.228714),1,1,2022-1-13 17:55:17,2022-1-13 17:55:17,7200003
251,,BULEVAR DEL RIO,colombia-magdalena-santa-marta-7201131-bulevar-del-rio,7201131,,SRID=4326;POINT(-74.16413 11.230197),1,1,2022-1-13 17:55:17,2022-1-13 17:55:17,7200003
251,,CANTILITO,colombia-magdalena-santa-marta-7201132-cantilito,7201132,,SRID=4326;POINT(-74.152184 11.228216),1,1,2022-1-13 17:55:17,2022-1-13 17:55:17,7200003
251,,CIUDADELA 29 DE JULIO,colombia-magdalena-santa-marta-7201133-ciudadela-29-de-julio,7201133,,SRID=4326;POINT(-74.199978 11.22582),1,1,2022-1-13 17:55:17,2022-1-13 17:55:17,7200003
251,,VILLA MERCIL,colombia-magdalena-santa-marta-7201134-villa-mercil,7201134,,SRID=4326;POINT(-74.205919 11.23018),1,1,2022-1-13 17:55:17,2022-1-13 17:55:17,7200003
251,,TRUPILLOS,colombia-magdalena-santa-marta-7201135-trupillos,7201135,,SRID=4326;POINT(-74.170135 11.229648),1,1,2022-1-13 17:55:17,2022-1-13 17:55:17,7200003
251,,LAS VEGAS,colombia-magdalena-santa-marta-7201136-las-vegas,7201136,,SRID=4326;POINT(-74.191616 11.2287),1,1,2022-1-13 17:55:17,2022-1-13 17:55:17,7200003
251,,MINUTO DE DIOS,colombia-magdalena-santa-marta-7201137-minuto-de-dios,7201137,,SRID=4326;POINT(-74.20364 11.22892),1,1,2022-1-13 17:55:17,2022-1-13 17:55:17,7200003
251,,8 DE FEBRERO,colombia-magdalena-santa-marta-7201138-8-de-febrero,7201138,,SRID=4326;POINT(-74.185951 11.224858),1,1,2022-1-13 17:55:17,2022-1-13 17:55:17,7200003
251,,VILLA DE ALEJANDRIA,colombia-magdalena-santa-marta-7201139-villa-de-alejandria,7201139,,SRID=4326;POINT(-74.202131 11.226651),1,1,2022-1-13 17:55:17,2022-1-13 17:55:17,7200003
251,,PORTALES ARCO IRIS,colombia-magdalena-santa-marta-7201140-portales-arco-iris,7201140,,SRID=4326;POINT(-74.199628 11.227229),1,1,2022-1-13 17:55:17,2022-1-13 17:55:17,7200003
251,,VILLA BELLA,colombia-magdalena-santa-marta-7201141-villa-bella,7201141,,SRID=4326;POINT(-74.194987 11.226605),1,1,2022-1-13 17:55:17,2022-1-13 17:55:17,7200003
251,,PORTAL UNIVERSITARIO,colombia-magdalena-santa-marta-7201142-portal-universitario,7201142,,SRID=4326;POINT(-74.190828 11.227364),1,1,2022-1-13 17:55:17,2022-1-13 17:55:17,7200003
251,,VILLAS DE LAS RIVERAS DEL RIO,colombia-magdalena-santa-marta-7201143-villas-de-las-riveras-del-rio,7201143,,SRID=4326;POINT(-74.197469 11.226966),1,1,2022-1-13 17:55:17,2022-1-13 17:55:17,7200003
251,,SAN JOSE DEL SUR,colombia-magdalena-santa-marta-7201144-san-jose-del-sur,7201144,,SRID=4326;POINT(-74.190209 11.226408),1,1,2022-1-13 17:55:17,2022-1-13 17:55:17,7200003
251,,BOLIVARIANA,colombia-magdalena-santa-marta-7201145-bolivariana,7201145,,SRID=4326;POINT(-74.168722 11.225451),1,1,2022-1-13 17:55:17,2022-1-13 17:55:17,7200003
251,,LOS FAROLES,colombia-magdalena-santa-marta-7201146-los-faroles,7201146,,SRID=4326;POINT(-74.192268 11.225146),1,1,2022-1-13 17:55:17,2022-1-13 17:55:17,7200003
251,,VILLA MONICA,colombia-magdalena-santa-marta-7201147-villa-monica,7201147,,SRID=4326;POINT(-74.189034 11.226349),1,1,2022-1-13 17:55:17,2022-1-13 17:55:17,7200003
251,,URBANIZACION BOULEVAR DE LA 19,colombia-magdalena-santa-marta-7201148-urbanizacion-boulevar-de-la-19,7201148,,SRID=4326;POINT(-74.195613 11.225122),1,1,2022-1-13 17:55:17,2022-1-13 17:55:17,7200003
251,,SANTA ANA,colombia-magdalena-santa-marta-7201149-santa-ana,7201149,,SRID=4326;POINT(-74.181867 11.22456),1,1,2022-1-13 17:55:17,2022-1-13 17:55:17,7200003
251,,EL PIÑON,colombia-magdalena-santa-marta-7201150-el-pinon,7201150,,SRID=4326;POINT(-74.189176 11.225721),1,1,2022-1-13 17:55:17,2022-1-13 17:55:17,7200003
251,,URBANIZACION VILLA MARBELLA,colombia-magdalena-santa-marta-7201151-urbanizacion-villa-marbella,7201151,,SRID=4326;POINT(-74.190491 11.22427),1,1,2022-1-13 17:55:17,2022-1-13 17:55:17,7200003
251,,PORTAL DE LA 19,colombia-magdalena-santa-marta-7201152-portal-de-la-19,7201152,,SRID=4326;POINT(-74.1947 11.225082),1,1,2022-1-13 17:55:17,2022-1-13 17:55:17,7200003
251,,PORTAL DE LAS AVENIDAS,colombia-magdalena-santa-marta-7201153-portal-de-las-avenidas,7201153,,SRID=4326;POINT(-74.176013 11.22381),1,1,2022-1-13 17:55:17,2022-1-13 17:55:17,7200003
251,,CENTENARIO,colombia-magdalena-santa-marta-7201154-centenario,7201154,,SRID=4326;POINT(-74.199846 11.224174),1,1,2022-1-13 17:55:17,2022-1-13 17:55:17,7200003
251,,VILLA UNIVERSITARIA,colombia-magdalena-santa-marta-7201155-villa-universitaria,7201155,,SRID=4326;POINT(-74.188847 11.224659),1,1,2022-1-13 17:55:17,2022-1-13 17:55:17,7200003
251,,BULEVARD LAS ROSAS,colombia-magdalena-santa-marta-7201156-bulevard-las-rosas,7201156,,SRID=4326;POINT(-74.193867 11.22402),1,1,2022-1-13 17:55:17,2022-1-13 17:55:17,7200003
251,,NUEVA COLOMBIA,colombia-magdalena-santa-marta-7201157-nueva-colombia,7201157,,SRID=4326;POINT(-74.157021 11.22327),1,1,2022-1-13 17:55:17,2022-1-13 17:55:17,7200003
251,,LA CANDELARIA,colombia-magdalena-santa-marta-7201158-la-candelaria,7201158,,SRID=4326;POINT(-74.206404 11.223849),1,1,2022-1-13 17:55:17,2022-1-13 17:55:17,7200003
251,,URBANIZACION TRINIDA,colombia-magdalena-santa-marta-7201159-urbanizacion-trinida,7201159,,SRID=4326;POINT(-74.188595 11.223467),1,1,2022-1-13 17:55:17,2022-1-13 17:55:17,7200003
251,,URBANIZACION VILLA MARINA,colombia-magdalena-santa-marta-7201160-urbanizacion-villa-marina,7201160,,SRID=4326;POINT(-74.188343 11.222451),1,1,2022-1-13 17:55:17,2022-1-13 17:55:17,7200003
251,,CONJUNTO RESIDENCIAL VILLA TOLEDO,colombia-magdalena-santa-marta-7201161-conjunto-residencial-villa-toledo,7201161,,SRID=4326;POINT(-74.158097 11.221588),1,1,2022-1-13 17:55:17,2022-1-13 17:55:17,7200003
251,,VILLA DEL MAR,colombia-magdalena-santa-marta-7201162-villa-del-mar,7201162,,SRID=4326;POINT(-74.1881 11.221602),1,1,2022-1-13 17:55:17,2022-1-13 17:55:17,7200003
251,,EL PANDO,colombia-magdalena-santa-marta-7201163-el-pando,7201163,,SRID=4326;POINT(-74.197916 11.219088),1,1,2022-1-13 17:55:17,2022-1-13 17:55:17,7200003
251,,MARIA CELIA,colombia-magdalena-santa-marta-7201164-maria-celia,7201164,,SRID=4326;POINT(-74.156121 11.220375),1,1,2022-1-13 17:55:17,2022-1-13 17:55:17,7200003
251,,VILLA ROSALIA,colombia-magdalena-santa-marta-7201165-villa-rosalia,7201165,,SRID=4326;POINT(-74.188966 11.220665),1,1,2022-1-13 17:55:17,2022-1-13 17:55:17,7200003
251,,EL TREBOL,colombia-magdalena-santa-marta-7201166-el-trebol,7201166,,SRID=4326;POINT(-74.189529 11.219593),1,1,2022-1-13 17:55:17,2022-1-13 17:55:17,7200003
251,,URBANIZACION SIERRA ADENTRO,colombia-magdalena-santa-marta-7201167-urbanizacion-sierra-adentro,7201167,,SRID=4326;POINT(-74.173834 11.21982),1,1,2022-1-13 17:55:17,2022-1-13 17:55:17,7200003
251,,VILLA MERCEDES,colombia-magdalena-santa-marta-7201168-villa-mercedes,7201168,,SRID=4326;POINT(-74.159209 11.219496),1,1,2022-1-13 17:55:17,2022-1-13 17:55:17,7200003
251,,CIUDAD DEL SOL,colombia-magdalena-santa-marta-7201169-ciudad-del-sol,7201169,,SRID=4326;POINT(-74.18127 11.21868),1,1,2022-1-13 17:55:17,2022-1-13 17:55:17,7200003
251,,LA CONCEPCION V,colombia-magdalena-santa-marta-7201170-la-concepcion-v,7201170,,SRID=4326;POINT(-74.183463 11.218928),1,1,2022-1-13 17:55:17,2022-1-13 17:55:17,7200003
251,,NUEVA COLOMBIA,colombia-magdalena-santa-marta-7201171-nueva-colombia,7201171,,SRID=4326;POINT(-74.155772 11.218425),1,1,2022-1-13 17:55:17,2022-1-13 17:55:17,7200003
251,,EL PARQUE,colombia-magdalena-santa-marta-7201172-el-parque,7201172,,SRID=4326;POINT(-74.186125 11.217125),1,1,2022-1-13 17:55:17,2022-1-13 17:55:17,7200003
251,,MONTPELIER,colombia-magdalena-santa-marta-7201173-montpelier,7201173,,SRID=4326;POINT(-74.176474 11.218128),1,1,2022-1-13 17:55:17,2022-1-13 17:55:17,7200003
251,,URBANIZACION MIRA CAMPESTRE,colombia-magdalena-santa-marta-7201174-urbanizacion-mira-campestre,7201174,,SRID=4326;POINT(-74.172954 11.218174),1,1,2022-1-13 17:55:17,2022-1-13 17:55:17,7200003
251,,CONCEPCION I,colombia-magdalena-santa-marta-7201175-concepcion-i,7201175,,SRID=4326;POINT(-74.187942 11.217652),1,1,2022-1-13 17:55:17,2022-1-13 17:55:17,7200003
251,,LUZ DEL MUNDO,colombia-magdalena-santa-marta-7201176-luz-del-mundo,7201176,,SRID=4326;POINT(-74.18969 11.216204),1,1,2022-1-13 17:55:17,2022-1-13 17:55:17,7200003
251,,MIRASIERRA,colombia-magdalena-santa-marta-7201177-mirasierra,7201177,,SRID=4326;POINT(-74.18036 11.21802),1,1,2022-1-13 17:55:17,2022-1-13 17:55:17,7200003
251,,LA CONCEPCION III,colombia-magdalena-santa-marta-7201178-la-concepcion-iii,7201178,,SRID=4326;POINT(-74.181961 11.215968),1,1,2022-1-13 17:55:17,2022-1-13 17:55:17,7200003
251,,LA CONCEPCION II,colombia-magdalena-santa-marta-7201179-la-concepcion-ii,7201179,,SRID=4326;POINT(-74.183661 11.216615),1,1,2022-1-13 17:55:17,2022-1-13 17:55:17,7200003
251,,LA CONCEPCION IV,colombia-magdalena-santa-marta-7201180-la-concepcion-iv,7201180,,SRID=4326;POINT(-74.180778 11.215977),1,1,2022-1-13 17:55:17,2022-1-13 17:55:17,7200003
251,,ASOCONS,colombia-magdalena-santa-marta-7201181-asocons,7201181,,SRID=4326;POINT(-74.173444 11.215921),1,1,2022-1-13 17:55:17,2022-1-13 17:55:17,7200003
251,,19 DE ABRIL,colombia-magdalena-santa-marta-7201182-19-de-abril,7201182,,SRID=4326;POINT(-74.188395 11.215084),1,1,2022-1-13 17:55:17,2022-1-13 17:55:17,7200003
251,,URBANIZACION SANTA CLARA,colombia-magdalena-santa-marta-7201183-urbanizacion-santa-clara,7201183,,SRID=4326;POINT(-74.185596 11.214903),1,1,2022-1-13 17:55:17,2022-1-13 17:55:17,7200003
251,,URBANIZACION SANTA LUCIA,colombia-magdalena-santa-marta-7201184-urbanizacion-santa-lucia,7201184,,SRID=4326;POINT(-74.186768 11.214343),1,1,2022-1-13 17:55:17,2022-1-13 17:55:17,7200003
251,,URBANIZACION LIBANO 2000,colombia-magdalena-santa-marta-7201185-urbanizacion-libano-2000,7201185,,SRID=4326;POINT(-74.174498 11.212877),1,1,2022-1-13 17:55:17,2022-1-13 17:55:17,7200003
251,,ACODIS,colombia-magdalena-santa-marta-7201186-acodis,7201186,,SRID=4326;POINT(-74.188198 11.213751),1,1,2022-1-13 17:55:17,2022-1-13 17:55:17,7200003
251,,ALTO DE SANTA CRUZ,colombia-magdalena-santa-marta-7201187-alto-de-santa-cruz,7201187,,SRID=4326;POINT(-74.185078 11.213631),1,1,2022-1-13 17:55:17,2022-1-13 17:55:17,7200003
251,,URBANIZACION SANTA CRUZ,colombia-magdalena-santa-marta-7201188-urbanizacion-santa-cruz,7201188,,SRID=4326;POINT(-74.186374 11.212971),1,1,2022-1-13 17:55:17,2022-1-13 17:55:17,7200003
251,,VILLA COLOMBIA,colombia-magdalena-santa-marta-7201189-villa-colombia,7201189,,SRID=4326;POINT(-74.189553 11.213496),1,1,2022-1-13 17:55:17,2022-1-13 17:55:17,7200003
251,,URBANIZACION CURINCA,colombia-magdalena-santa-marta-7201190-urbanizacion-curinca,7201190,,SRID=4326;POINT(-74.188516 11.212403),1,1,2022-1-13 17:55:17,2022-1-13 17:55:17,7200003
251,,RINCON DE SANTA CRUZ,colombia-magdalena-santa-marta-7201191-rincon-de-santa-cruz,7201191,,SRID=4326;POINT(-74.184858 11.210749),1,1,2022-1-13 17:55:17,2022-1-13 17:55:17,7200003
251,,PRADERA RESERVADO,colombia-magdalena-santa-marta-7201192-pradera-reservado,7201192,,SRID=4326;POINT(-74.220729 11.210499),1,1,2022-1-13 17:55:17,2022-1-13 17:55:17,7200003
251,,URBANIZACION BRISAS DEL LAGO,colombia-magdalena-santa-marta-7201193-urbanizacion-brisas-del-lago,7201193,,SRID=4326;POINT(-74.223988 11.211353),1,1,2022-1-13 17:55:17,2022-1-13 17:55:17,7200003
251,,URBANIZACION TAMACA,colombia-magdalena-santa-marta-7201194-urbanizacion-tamaca,7201194,,SRID=4326;POINT(-74.187123 11.209777),1,1,2022-1-13 17:55:17,2022-1-13 17:55:17,7200003
251,,URBANIZACION AQUAMARINA,colombia-magdalena-santa-marta-7201195-urbanizacion-aquamarina,7201195,,SRID=4326;POINT(-74.223817 11.210697),1,1,2022-1-13 17:55:17,2022-1-13 17:55:17,7200003
251,,VILLA FRANCA,colombia-magdalena-santa-marta-7201196-villa-franca,7201196,,SRID=4326;POINT(-74.188564 11.211148),1,1,2022-1-13 17:55:17,2022-1-13 17:55:17,7200003
251,,LOS MANGLES,colombia-magdalena-santa-marta-7201197-los-mangles,7201197,,SRID=4326;POINT(-74.189381 11.211095),1,1,2022-1-13 17:55:17,2022-1-13 17:55:17,7200003
251,,URBANIZACION VILLACELI,colombia-magdalena-santa-marta-7201198-urbanizacion-villaceli,7201198,,SRID=4326;POINT(-74.18998 11.210822),1,1,2022-1-13 17:55:17,2022-1-13 17:55:17,7200003
251,,LOS NOGALES,colombia-magdalena-santa-marta-7201199-los-nogales,7201199,,SRID=4326;POINT(-74.188978 11.210208),1,1,2022-1-13 17:55:17,2022-1-13 17:55:17,7200003
251,,GAIRA MAR,colombia-magdalena-santa-marta-7201200-gaira-mar,7201200,,SRID=4326;POINT(-74.225511 11.207559),1,1,2022-1-13 17:55:17,2022-1-13 17:55:17,7200003
251,,RODADERO,colombia-magdalena-santa-marta-7201201-rodadero,7201201,,SRID=4326;POINT(-74.226088 11.20446),1,1,2022-1-13 17:55:17,2022-1-13 17:55:17,7200003
251,,MURUJUY,colombia-magdalena-santa-marta-7201202-murujuy,7201202,,SRID=4326;POINT(-74.22872 11.197713),1,1,2022-1-13 17:55:17,2022-1-13 17:55:17,7200003
251,,TAMACA,colombia-magdalena-santa-marta-7201203-tamaca,7201203,,SRID=4326;POINT(-74.226601 11.197798),1,1,2022-1-13 17:55:17,2022-1-13 17:55:17,7200003
251,,EL ROSARITO,colombia-magdalena-santa-marta-7201204-el-rosarito,7201204,,SRID=4326;POINT(-74.217036 11.197897),1,1,2022-1-13 17:55:17,2022-1-13 17:55:17,7200003
251,,EL CHICO,colombia-magdalena-santa-marta-7201205-el-chico,7201205,,SRID=4326;POINT(-74.224968 11.196923),1,1,2022-1-13 17:55:17,2022-1-13 17:55:17,7200003
251,,LA QUEMADA,colombia-magdalena-santa-marta-7201206-la-quemada,7201206,,SRID=4326;POINT(-74.218026 11.195591),1,1,2022-1-13 17:55:17,2022-1-13 17:55:17,7200003
251,,RODADERO COUNTRY,colombia-magdalena-santa-marta-7201207-rodadero-country,7201207,,SRID=4326;POINT(-74.225382 11.196276),1,1,2022-1-13 17:55:17,2022-1-13 17:55:17,7200003
251,,RODADERO SUR,colombia-magdalena-santa-marta-7201208-rodadero-sur,7201208,,SRID=4326;POINT(-74.229446 11.194458),1,1,2022-1-13 17:55:17,2022-1-13 17:55:17,7200003
251,,MODELO,colombia-magdalena-santa-marta-7201209-modelo,7201209,,SRID=4326;POINT(-74.222053 11.194247),1,1,2022-1-13 17:55:17,2022-1-13 17:55:17,7200003
251,,LA MAGDALENA,colombia-magdalena-santa-marta-7201210-la-magdalena,7201210,,SRID=4326;POINT(-74.224787 11.193542),1,1,2022-1-13 17:55:17,2022-1-13 17:55:17,7200003
251,,12 DE OCTUBRE,colombia-magdalena-santa-marta-7201211-12-de-octubre,7201211,,SRID=4326;POINT(-74.217866 11.192182),1,1,2022-1-13 17:55:17,2022-1-13 17:55:17,7200003
251,,ROSARIO,colombia-magdalena-santa-marta-7201212-rosario,7201212,,SRID=4326;POINT(-74.215541 11.193053),1,1,2022-1-13 17:55:17,2022-1-13 17:55:17,7200003
251,,GAIRA,colombia-magdalena-santa-marta-7201213-gaira,7201213,,SRID=4326;POINT(-74.22139 11.190845),1,1,2022-1-13 17:55:17,2022-1-13 17:55:17,7200003
251,,CANTAMAR,colombia-magdalena-santa-marta-7201214-cantamar,7201214,,SRID=4326;POINT(-74.230042 11.192119),1,1,2022-1-13 17:55:17,2022-1-13 17:55:17,7200003
251,,URBANIZACION SALGUERO,colombia-magdalena-santa-marta-7201215-urbanizacion-salguero,7201215,,SRID=4326;POINT(-74.230054 11.187945),1,1,2022-1-13 17:55:17,2022-1-13 17:55:17,7200003
251,,EDGARDO VIVES,colombia-magdalena-santa-marta-7201216-edgardo-vives,7201216,,SRID=4326;POINT(-74.216072 11.190805),1,1,2022-1-13 17:55:17,2022-1-13 17:55:17,7200003
251,,VILLA ROSMERI,colombia-magdalena-santa-marta-7201217-villa-rosmeri,7201217,,SRID=4326;POINT(-74.226823 11.190952),1,1,2022-1-13 17:55:17,2022-1-13 17:55:17,7200003
251,,CENTRO GAIRA,colombia-magdalena-santa-marta-7201218-centro-gaira,7201218,,SRID=4326;POINT(-74.224248 11.190734),1,1,2022-1-13 17:55:17,2022-1-13 17:55:17,7200003
251,,ABAJO,colombia-magdalena-santa-marta-7201219-abajo,7201219,,SRID=4326;POINT(-74.220797 11.188114),1,1,2022-1-13 17:55:17,2022-1-13 17:55:17,7200003
251,,PARAISO RODADERO,colombia-magdalena-santa-marta-7201220-paraiso-rodadero,7201220,,SRID=4326;POINT(-74.226525 11.188186),1,1,2022-1-13 17:55:17,2022-1-13 17:55:17,7200003
251,,GAIRA SUR,colombia-magdalena-santa-marta-7201221-gaira-sur,7201221,,SRID=4326;POINT(-74.217528 11.18855),1,1,2022-1-13 17:55:17,2022-1-13 17:55:17,7200003
251,,VILLA BERLIN,colombia-magdalena-santa-marta-7201222-villa-berlin,7201222,,SRID=4326;POINT(-74.223414 11.187586),1,1,2022-1-13 17:55:17,2022-1-13 17:55:17,7200003
251,,PLENO MAR,colombia-magdalena-santa-marta-7201223-pleno-mar,7201223,,SRID=4326;POINT(-74.228024 11.161471),1,1,2022-1-13 17:55:17,2022-1-13 17:55:17,7200003
251,,LAGO MAR,colombia-magdalena-santa-marta-7201224-lago-mar,7201224,,SRID=4326;POINT(-74.226743 11.157584),1,1,2022-1-13 17:55:17,2022-1-13 17:55:17,7200003
251,,ZUANA,colombia-magdalena-santa-marta-7201225-zuana,7201225,,SRID=4326;POINT(-74.225179 11.152673),1,1,2022-1-13 17:55:17,2022-1-13 17:55:17,7200003
251,,IROTAMA,colombia-magdalena-santa-marta-7201226-irotama,7201226,,SRID=4326;POINT(-74.223953 11.147989),1,1,2022-1-13 17:55:17,2022-1-13 17:55:17,7200003
251,,LAS MARGARITAS,colombia-magdalena-santa-marta-7201227-las-margaritas,7201227,,SRID=4326;POINT(-74.214723 11.145337),1,1,2022-1-13 17:55:17,2022-1-13 17:55:17,7200003
251,,BELLO HORIZONTE,colombia-magdalena-santa-marta-7201228-bello-horizonte,7201228,,SRID=4326;POINT(-74.225225 11.142782),1,1,2022-1-13 17:55:17,2022-1-13 17:55:17,7200003
251,,VISTA HERMOSA,colombia-magdalena-santa-marta-7201229-vista-hermosa,7201229,,SRID=4326;POINT(-74.225108 11.132657),1,1,2022-1-13 17:55:17,2022-1-13 17:55:17,7200003
251,,AEROPUERTO,colombia-magdalena-santa-marta-7201230-aeropuerto,7201230,,SRID=4326;POINT(-74.23084 11.118662),1,1,2022-1-13 17:55:17,2022-1-13 17:55:17,7200003
251,,AEROMAR,colombia-magdalena-santa-marta-7201231-aeromar,7201231,,SRID=4326;POINT(-74.227364 11.122955),1,1,2022-1-13 17:55:17,2022-1-13 17:55:17,7200003
251,,DON JACA,colombia-magdalena-santa-marta-7201232-don-jaca,7201232,,SRID=4326;POINT(-74.220588 11.106322),1,1,2022-1-13 17:55:17,2022-1-13 17:55:17,7200003
251,,ALTOS DE AEROMAR,colombia-magdalena-santa-marta-7201233-altos-de-aeromar,7201233,,SRID=4326;POINT(-74.22234 11.12128),1,1,2022-1-13 17:55:17,2022-1-13 17:55:17,7200003
251,,LOS CORDONALES,colombia-magdalena-santa-marta-7201234-los-cordonales,7201234,,SRID=4326;POINT(-74.213328 11.091108),1,1,2022-1-13 17:55:17,2022-1-13 17:55:17,7200003
251,,VILLA TANGA,colombia-magdalena-santa-marta-7201235-villa-tanga,7201235,,SRID=4326;POINT(-74.216293 11.083265),1,1,2022-1-13 17:55:17,2022-1-13 17:55:17,7200003
251,,LA RIVIERA,colombia-magdalena-santa-marta-7201236-la-riviera,7201236,,SRID=4326;POINT(-74.218536 11.092167),1,1,2022-1-13 17:55:17,2022-1-13 17:55:17,7200003
251,,SANTROPEL,colombia-magdalena-santa-marta-7201237-santropel,7201237,,SRID=4326;POINT(-74.185951 11.266147),1,1,2022-1-13 17:55:17,2022-1-13 17:55:17,7200003
251,,LA PAZ,colombia-magdalena-santa-marta-7201238-la-paz,7201238,,SRID=4326;POINT(-74.214082 11.149122),1,1,2022-1-13 17:55:17,2022-1-13 17:55:17,7200003
251,,POZOS COLORADO,colombia-magdalena-santa-marta-7201239-pozos-colorado,7201239,,SRID=4326;POINT(-74.221097 11.152372),1,1,2022-1-13 17:55:17,2022-1-13 17:55:17,7200003
251,,LOS CARDONALES,colombia-magdalena-santa-marta-7201240-los-cardonales,7201240,,SRID=4326;POINT(-74.221898 11.179292),1,1,2022-1-13 17:55:17,2022-1-13 17:55:17,7200003
251,,VILLA AURORA,colombia-magdalena-santa-marta-7201241-villa-aurora,7201241,,SRID=4326;POINT(-74.180388 11.249861),1,1,2022-1-13 17:55:17,2022-1-13 17:55:17,7200003
251,,EL JORDAN,colombia-magdalena-santa-marta-7201242-el-jordan,7201242,,SRID=4326;POINT(-74.190143 11.21314),1,1,2022-1-13 17:55:17,2022-1-13 17:55:17,7200003
251,,MARIA EUGENIA,colombia-magdalena-santa-marta-7201243-maria-eugenia,7201243,,SRID=4326;POINT(-74.206215 11.220655),1,1,2022-1-13 17:55:17,2022-1-13 17:55:17,7200003
251,,PRIMERO DE MAYO,colombia-magdalena-santa-marta-7201244-primero-de-mayo,7201244,,SRID=4326;POINT(-74.20254 11.221866),1,1,2022-1-13 17:55:17,2022-1-13 17:55:17,7200003
251,,COREA,colombia-magdalena-santa-marta-7201245-corea,7201245,,SRID=4326;POINT(-74.207472 11.227826),1,1,2022-1-13 17:55:17,2022-1-13 17:55:17,7200003
251,,LAS AMERICAS,colombia-magdalena-santa-marta-7201246-las-americas,7201246,,SRID=4326;POINT(-74.206553 11.225874),1,1,2022-1-13 17:55:17,2022-1-13 17:55:17,7200003
251,,CONJUNTO RESIDENCIAL VILLA MAR,colombia-magdalena-santa-marta-7201247-conjunto-residencial-villa-mar,7201247,,SRID=4326;POINT(-74.223562 11.198467),1,1,2022-1-13 17:55:17,2022-1-13 17:55:17,7200003
251,,COSTA VERDE,colombia-magdalena-santa-marta-7201248-costa-verde,7201248,,SRID=4326;POINT(-74.206508 11.230988),1,1,2022-1-13 17:55:17,2022-1-13 17:55:17,7200003
251,,TAMINACA II,colombia-magdalena-santa-marta-7201249-taminaca-ii,7201249,,SRID=4326;POINT(-74.205612 11.230829),1,1,2022-1-13 17:55:17,2022-1-13 17:55:17,7200003
251,,NORTE,colombia-magdalena-santa-marta-7201250-norte,7201250,,SRID=4326;POINT(-74.208865 11.248681),1,1,2022-1-13 17:55:17,2022-1-13 17:55:17,7200003
251,,TERMINAL MARITIMO,colombia-magdalena-santa-marta-7201251-terminal-maritimo,7201251,,SRID=4326;POINT(-74.216956 11.252319),1,1,2022-1-13 17:55:17,2022-1-13 17:55:17,7200003
251,,VISTA AL MAR,colombia-magdalena-santa-marta-7201252-vista-al-mar,7201252,,SRID=4326;POINT(-74.216523 11.197205),1,1,2022-1-13 17:55:17,2022-1-13 17:55:17,7200003
251,,ZARABANDA,colombia-magdalena-santa-marta-7201253-zarabanda,7201253,,SRID=4326;POINT(-74.216073 11.199074),1,1,2022-1-13 17:55:17,2022-1-13 17:55:17,7200003
251,,LOMA FRESCA,colombia-magdalena-santa-marta-7201254-loma-fresca,7201254,,SRID=4326;POINT(-74.210551 11.222204),1,1,2022-1-13 17:55:17,2022-1-13 17:55:17,7200003
251,,CRISTO REY,colombia-magdalena-santa-marta-7201255-cristo-rey,7201255,,SRID=4326;POINT(-74.197897 11.255565),1,1,2022-1-13 17:55:17,2022-1-13 17:55:17,7200003
251,,CONJUNTO RESIDENCIAL BUENA VISTA,colombia-magdalena-santa-marta-7201256-conjunto-residencial-buena-vista,7201256,,SRID=4326;POINT(-74.159076 11.216104),1,1,2022-1-13 17:55:17,2022-1-13 17:55:17,7200003
251,,CONJUNTO RESIDENCIAL ALEXANDRA,colombia-magdalena-santa-marta-7201257-conjunto-residencial-alexandra,7201257,,SRID=4326;POINT(-74.163308 11.211509),1,1,2022-1-13 17:55:17,2022-1-13 17:55:17,7200003
251,,URBANIZACION VILLAS DEL CAMPO,colombia-magdalena-santa-marta-7201258-urbanizacion-villas-del-campo,7201258,,SRID=4326;POINT(-74.161364 11.207836),1,1,2022-1-13 17:55:17,2022-1-13 17:55:17,7200003
251,,URBANIZACION RODRIGO AHUMADA,colombia-magdalena-santa-marta-7201259-urbanizacion-rodrigo-ahumada,7201259,,SRID=4326;POINT(-74.160108 11.212819),1,1,2022-1-13 17:55:17,2022-1-13 17:55:17,7200003
251,,CLUB VILLA ITALIA,colombia-magdalena-santa-marta-7201260-club-villa-italia,7201260,,SRID=4326;POINT(-74.161463 11.221993),1,1,2022-1-13 17:55:17,2022-1-13 17:55:17,7200003
251,,MAMATOCO,colombia-magdalena-santa-marta-7201261-mamatoco,7201261,,SRID=4326;POINT(-74.163882 11.227488),1,1,2022-1-13 17:55:17,2022-1-13 17:55:17,7200003
251,,URBANIZACION CANARIAS,colombia-magdalena-santa-marta-7201262-urbanizacion-canarias,7201262,,SRID=4326;POINT(-74.172962 11.227013),1,1,2022-1-13 17:55:17,2022-1-13 17:55:17,7200003
251,,CONJUNTO RESIDENCIAL EL NOGAL,colombia-magdalena-santa-marta-7201263-conjunto-residencial-el-nogal,7201263,,SRID=4326;POINT(-74.171415 11.217959),1,1,2022-1-13 17:55:17,2022-1-13 17:55:17,7200003
251,,MIRACAMPESTRE,colombia-magdalena-santa-marta-7201264-miracampestre,7201264,,SRID=4326;POINT(-74.16943 11.219153),1,1,2022-1-13 17:55:17,2022-1-13 17:55:17,7200003
251,,GALICIA,colombia-magdalena-santa-marta-7201265-galicia,7201265,,SRID=4326;POINT(-74.178005 11.241222),1,1,2022-1-13 17:55:17,2022-1-13 17:55:17,7200003
251,,ALONSO RAMIREZ,colombia-magdalena-santa-marta-7201266-alonso-ramirez,7201266,,SRID=4326;POINT(-74.216305 11.19439),1,1,2022-1-13 17:55:17,2022-1-13 17:55:17,7200003
251,,TRES PUENTES,colombia-magdalena-santa-marta-7201267-tres-puentes,7201267,,SRID=4326;POINT(-74.161889 11.205541),1,1,2022-1-13 17:55:17,2022-1-13 17:55:17,7200003
251,,CR PORTAL DE NUEVA ANDREA CAROLINA,colombia-magdalena-santa-marta-7201268-conjunto-residencial-portal-de-nueva-andrea-carolina,7201268,,SRID=4326;POINT(-74.179771 11.211478),1,1,2022-1-13 17:55:17,2022-1-13 17:55:17,7200003
251,,URBANIZACION PARQUES DE BOLIVAR I,colombia-magdalena-santa-marta-7201269-urbanizacion-parques-de-bolivar-i,7201269,,SRID=4326;POINT(-74.163708 11.212414),1,1,2022-1-13 17:55:17,2022-1-13 17:55:17,7200003
251,,URBANIZACION PARQUES DE BOLIVAR II,colombia-magdalena-santa-marta-7201270-urbanizacion-parques-de-bolivar-ii,7201270,,SRID=4326;POINT(-74.162838 11.213771),1,1,2022-1-13 17:55:17,2022-1-13 17:55:17,7200003
251,,URBANIZACION PARQUES DE BOLIVAR LA SIERRA,colombia-magdalena-santa-marta-7201271-urbanizacion-parques-de-bolivar-la-sierra,7201271,,SRID=4326;POINT(-74.161872 11.214849),1,1,2022-1-13 17:55:17,2022-1-13 17:55:17,7200003
251,,URBANIZACION PARQUES DE BOLIVAR III,colombia-magdalena-santa-marta-7201272-urbanizacion-parques-de-bolivar-iii,7201272,,SRID=4326;POINT(-74.160894 11.215868),1,1,2022-1-13 17:55:17,2022-1-13 17:55:17,7200003
251,,TEJARES DEL LIBERTADOR,colombia-magdalena-santa-marta-7201273-tejares-del-libertador,7201273,,SRID=4326;POINT(-74.172797 11.215682),1,1,2022-1-13 17:55:17,2022-1-13 17:55:17,7200003
251,,URBANIZACION CIUDAD EQUIDAD ETAPA I,colombia-magdalena-santa-marta-7201274-urbanizacion-ciudad-equidad-etapa-i,7201274,,SRID=4326;POINT(-74.163587 11.205795),1,1,2022-1-13 17:55:17,2022-1-13 17:55:17,7200003
251,,URBANIZACION CIUDAD EQUIDAD ETAPA II,colombia-magdalena-santa-marta-7201275-urbanizacion-ciudad-equidad-etapa-ii,7201275,,SRID=4326;POINT(-74.16498 11.201342),1,1,2022-1-13 17:55:17,2022-1-13 17:55:17,7200003
251,,URBANIZACION SANTA HELENA RESERVADO,colombia-magdalena-santa-marta-7201276-urbanizacion-santa-helena-reservado,7201276,,SRID=4326;POINT(-74.164355 11.19988),1,1,2022-1-13 17:55:17,2022-1-13 17:55:17,7200003
251,,URBANIZACION LAS ACACIAS,colombia-magdalena-santa-marta-7201277-urbanizacion-las-acacias,7201277,,SRID=4326;POINT(-74.159353 11.214132),1,1,2022-1-13 17:55:17,2022-1-13 17:55:17,7200003
251,,URBANIZACION LOS PINOS,colombia-magdalena-santa-marta-7201278-urbanizacion-los-pinos,7201278,,SRID=4326;POINT(-74.179657 11.215909),1,1,2022-1-13 17:55:17,2022-1-13 17:55:17,7200003
251,,URBANIZACION NUEVO HORIZONTE,colombia-magdalena-santa-marta-7201279-urbanizacion-nuevo-horizonte,7201279,,SRID=4326;POINT(-74.176251 11.213142),1,1,2022-1-13 17:55:17,2022-1-13 17:55:17,7200003
251,,BRISAS DE LA SIERRA,colombia-magdalena-santa-marta-7201280-brisas-de-la-sierra,7201280,,SRID=4326;POINT(-74.178283 11.211385),1,1,2022-1-13 17:55:17,2022-1-13 17:55:17,7200003
251,,URBANIZACION NUEVO TEJARES,colombia-magdalena-santa-marta-7201281-urbanizacion-nuevo-tejares,7201281,,SRID=4326;POINT(-74.170718 11.21432),1,1,2022-1-13 17:55:17,2022-1-13 17:55:17,7200003
251,,URBANIZACION SIERRADENTRO RESERVADO,colombia-magdalena-santa-marta-7201282-urbanizacion-sierradentro-reservado,7201282,,SRID=4326;POINT(-74.17248 11.217145),1,1,2022-1-13 17:55:17,2022-1-13 17:55:17,7200003
251,,URBANIZACION MIRA CAMPESTRE RESERVADO,colombia-magdalena-santa-marta-7201283-urbanizacion-mira-campestre-reservado,7201283,,SRID=4326;POINT(-74.172881 11.217072),1,1,2022-1-13 17:55:17,2022-1-13 17:55:17,7200003
251,,URBANIZACION SIERRA NEVADA,colombia-magdalena-santa-marta-7201284-urbanizacion-sierra-nevada,7201284,,SRID=4326;POINT(-74.171989 11.220896),1,1,2022-1-13 17:55:17,2022-1-13 17:55:17,7200003
251,,URBANIZACION ANDREA CAROLINA II,colombia-magdalena-santa-marta-7201285-urbanizacion-andrea-carolina-ii,7201285,,SRID=4326;POINT(-74.178302 11.213996),1,1,2022-1-13 17:55:17,2022-1-13 17:55:17,7200003
251,,URBANIZACION ANDREA CAROLINA II,colombia-magdalena-santa-marta-7201286-urbanizacion-andrea-carolina-ii,7201286,,SRID=4326;POINT(-74.177984 11.211633),1,1,2022-1-13 17:55:17,2022-1-13 17:55:17,7200003
251,,VILLA DE SANTA CRUZ,colombia-magdalena-santa-marta-7201287-villa-de-santa-cruz,7201287,,SRID=4326;POINT(-74.180478 11.211482),1,1,2022-1-13 17:55:17,2022-1-13 17:55:17,7200003
251,,CONJUNTO RESIDENCIAL VILLAS DE ANDALUCIA,colombia-magdalena-santa-marta-7201288-conjunto-residencial-villas-de-andalucia,7201288,,SRID=4326;POINT(-74.1804 11.209046),1,1,2022-1-13 17:55:17,2022-1-13 17:55:17,7200003
251,,CONJUNTO RESIDENCIAL SIERRA MORENA,colombia-magdalena-santa-marta-7201289-conjunto-residencial-sierra-morena,7201289,,SRID=4326;POINT(-74.159437 11.215131),1,1,2022-1-13 17:55:17,2022-1-13 17:55:17,7200003
251,,CJ TORRES DE TEJARES DEL LIBERTADOR,colombia-magdalena-santa-marta-7201290-cj-torres-de-tejares-del-libertador,7201290,,SRID=4326;POINT(-74.170356 11.21565),1,1,2022-1-13 17:55:17,2022-1-13 17:55:17,7200003
251,,URBANIZACION ALTOS DE SANTA ELENA,colombia-magdalena-santa-marta-7201291-urbanizacion-altos-de-santa-elena,7201291,,SRID=4326;POINT(-74.162836 11.199328),1,1,2022-1-13 17:55:17,2022-1-13 17:55:17,7200003
251,,URBANIZACION FILADELFIA,colombia-magdalena-santa-marta-7201292-urbanizacion-filadelfia,7201292,,SRID=4326;POINT(-74.178752 11.215459),1,1,2022-1-13 17:55:17,2022-1-13 17:55:17,7200003
251,,MURALLAS DEL PANDO,colombia-magdalena-santa-marta-7201293-murallas-del-pando,7201293,,SRID=4326;POINT(-74.19792 11.217113),1,1,2022-1-13 17:55:17,2022-1-13 17:55:17,7200003
251,,PALMA REAL,colombia-magdalena-santa-marta-7201294-palma-real,7201294,,SRID=4326;POINT(-74.194961 11.241949),1,1,2022-1-13 17:55:17,2022-1-13 17:55:17,7200003
251,,SANTA MARTHA,colombia-magdalena-santa-marta-7201295-santa-martha,7201295,,SRID=4326;POINT(-74.194504 11.24362),1,1,2022-1-13 17:55:17,2022-1-13 17:55:17,7200003
251,,URBANIZACION AUTOPISTA,colombia-magdalena-santa-marta-7201296-urbanizacion-autopista,7201296,,SRID=4326;POINT(-74.192719 11.24315),1,1,2022-1-13 17:55:17,2022-1-13 17:55:17,7200003
251,,CARJUA,colombia-magdalena-santa-marta-7201297-carjua,7201297,,SRID=4326;POINT(-74.192409 11.242424),1,1,2022-1-13 17:55:17,2022-1-13 17:55:17,7200003
251,,URBANIZACION ALTOS DE SANTA MARTA,colombia-magdalena-santa-marta-7201298-urbanizacion-altos-de-santa-marta,7201298,,SRID=4326;POINT(-74.163455 11.211109),1,1,2022-1-13 17:55:17,2022-1-13 17:55:17,7200003
251,,URBANIZACION TAYRONA,colombia-magdalena-santa-marta-7201299-urbanizacion-tayrona,7201299,,SRID=4326;POINT(-74.175996 11.213533),1,1,2022-1-13 17:55:17,2022-1-13 17:55:17,7200003
251,,URBANIZACION EL CISNE ETAPA I,colombia-magdalena-santa-marta-7201300-urbanizacion-el-cisne-etapa-i,7201300,,SRID=4326;POINT(-74.162166 11.208836),1,1,2022-1-13 17:55:17,2022-1-13 17:55:17,7200003
251,,URBANIZACION VILLA CAMILA,colombia-magdalena-santa-marta-7201301-urbanizacion-villa-camila,7201301,,SRID=4326;POINT(-74.160792 11.208888),1,1,2022-1-13 17:55:17,2022-1-13 17:55:17,7200003
251,,URBANIZACION LA ROSALIA III,colombia-magdalena-santa-marta-7201302-urbanizacion-la-rosalia-iii,7201302,,SRID=4326;POINT(-74.160599 11.20723),1,1,2022-1-13 17:55:17,2022-1-13 17:55:17,7200003
251,,URBANIZACION ROSALIA ETAPA IV,colombia-magdalena-santa-marta-7201303-urbanizacion-rosalia-etapa-iv,7201303,,SRID=4326;POINT(-74.161888 11.206439),1,1,2022-1-13 17:55:17,2022-1-13 17:55:17,7200003
251,,URBANIZACION ROSALIA ETAPA II,colombia-magdalena-santa-marta-7201304-urbanizacion-rosalia-etapa-ii,7201304,,SRID=4326;POINT(-74.159561 11.205779),1,1,2022-1-13 17:55:17,2022-1-13 17:55:17,7200003
251,,URBANIZACION ROSALIA ETAPA I,colombia-magdalena-santa-marta-7201305-urbanizacion-rosalia-etapa-i,7201305,,SRID=4326;POINT(-74.161034 11.205221),1,1,2022-1-13 17:55:17,2022-1-13 17:55:17,7200003
251,,URBANIZACION VILLA CAMILA,colombia-magdalena-santa-marta-7201306-urbanizacion-villa-camila,7201306,,SRID=4326;POINT(-74.162503 11.211007),1,1,2022-1-13 17:55:17,2022-1-13 17:55:17,7200003
251,,EL CISNE,colombia-magdalena-santa-marta-7201307-el-cisne,7201307,,SRID=4326;POINT(-74.161063 11.211079),1,1,2022-1-13 17:55:17,2022-1-13 17:55:17,7200003
251,,URBANIZACION BAVARIA COUNTRY,colombia-magdalena-santa-marta-7201308-urbanizacion-bavaria-country,7201308,,SRID=4326;POINT(-74.198343 11.23081),1,1,2022-1-13 17:55:17,2022-1-13 17:55:17,7200003
251,,URBANIZACION TEJARES DEL LIBERTADOR,colombia-magdalena-santa-marta-7201309-urbanizacion-tejares-del-libertador,7201309,,SRID=4326;POINT(-74.172656 11.214642),1,1,2022-1-13 17:55:17,2022-1-13 17:55:17,7200003
251,,URBANIZACION CORINTIOS,colombia-magdalena-santa-marta-7201310-urbanizacion-corintios,7201310,,SRID=4326;POINT(-74.173915 11.214792),1,1,2022-1-13 17:55:17,2022-1-13 17:55:17,7200003
251,,CRISTO REY RODADERO,colombia-magdalena-santa-marta-7201311-cristo-rey-rodadero,7201311,,SRID=4326;POINT(-74.220312 11.128633),1,1,2022-1-13 17:55:17,2022-1-13 17:55:17,7200003
251,,VISTA HERMOSA SUR,colombia-magdalena-santa-marta-7201312-vista-hermosa-sur,7201312,,SRID=4326;POINT(-74.21286 11.138296),1,1,2022-1-13 17:55:17,2022-1-13 17:55:17,7200003
251,,TORRE QUINCE,colombia-magdalena-santa-marta-7201313-torre-quince,7201313,,SRID=4326;POINT(-74.209532 11.153632),1,1,2022-1-13 17:55:17,2022-1-13 17:55:17,7200003
251,,ECOPETROL,colombia-magdalena-santa-marta-7201314-ecopetrol,7201314,,SRID=4326;POINT(-74.212565 11.157897),1,1,2022-1-13 17:55:17,2022-1-13 17:55:17,7200003
251,,LAGO DEL DULZINA,colombia-magdalena-santa-marta-7201315-lago-del-dulzina,7201315,,SRID=4326;POINT(-74.232134 11.171918),1,1,2022-1-13 17:55:17,2022-1-13 17:55:17,7200003
251,,CERRO LA GLORIA,colombia-magdalena-santa-marta-7201316-cerro-la-gloria,7201316,,SRID=4326;POINT(-74.235014 11.178945),1,1,2022-1-13 17:55:17,2022-1-13 17:55:17,7200003
251,,VILLAMAR,colombia-magdalena-santa-marta-7201317-villamar,7201317,,SRID=4326;POINT(-74.224047 11.202355),1,1,2022-1-13 17:55:17,2022-1-13 17:55:17,7200003
251,,EL PORTAL DEL EDEN,colombia-magdalena-santa-marta-7201318-el-portal-del-eden,7201318,,SRID=4326;POINT(-74.215467 11.195687),1,1,2022-1-13 17:55:17,2022-1-13 17:55:17,7200003
251,,VUELTA DEL CAUCA,colombia-magdalena-santa-marta-7201319-vuelta-del-cauca,7201319,,SRID=4326;POINT(-74.214367 11.190563),1,1,2022-1-13 17:55:17,2022-1-13 17:55:17,7200003
251,,ARRIBA,colombia-magdalena-santa-marta-7201320-arriba,7201320,,SRID=4326;POINT(-74.209857 11.175667),1,1,2022-1-13 17:55:17,2022-1-13 17:55:17,7200003
251,,ZONA INDUSTRIAL,colombia-magdalena-santa-marta-7201321-zona-industrial,7201321,,SRID=4326;POINT(-74.211434 11.189813),1,1,2022-1-13 17:55:17,2022-1-13 17:55:17,7200003
251,,URBANIZACION ALTOS DE MAYORCA,colombia-magdalena-santa-marta-7201322-urbanizacion-altos-de-mayorca,7201322,,SRID=4326;POINT(-74.184344 11.207053),1,1,2022-1-13 17:55:17,2022-1-13 17:55:17,7200003
251,,ALTO SIMON BOLIVAR,colombia-magdalena-santa-marta-7201323-alto-simon-bolivar,7201323,,SRID=4326;POINT(-74.194932 11.207727),1,1,2022-1-13 17:55:17,2022-1-13 17:55:17,7200003
251,,EL YUCAL,colombia-magdalena-santa-marta-7201324-el-yucal,7201324,,SRID=4326;POINT(-74.154236 11.21682),1,1,2022-1-13 17:55:17,2022-1-13 17:55:17,7200003
251,,11 DE NOVIEMBRE,colombia-magdalena-santa-marta-7201325-11-de-noviembre,7201325,,SRID=4326;POINT(-74.152558 11.220565),1,1,2022-1-13 17:55:17,2022-1-13 17:55:17,7200003
251,,MONTERREY,colombia-magdalena-santa-marta-7201326-monterrey,7201326,,SRID=4326;POINT(-74.147058 11.223309),1,1,2022-1-13 17:55:17,2022-1-13 17:55:17,7200003
251,,20 DE OCTUBRE,colombia-magdalena-santa-marta-7201327-20-de-octubre,7201327,,SRID=4326;POINT(-74.142862 11.225873),1,1,2022-1-13 17:55:17,2022-1-13 17:55:17,7200003
251,,BONDA SECTOR MASINGA,colombia-magdalena-santa-marta-7201328-bonda-sector-masinga,7201328,,SRID=4326;POINT(-74.128956 11.230048),1,1,2022-1-13 17:55:17,2022-1-13 17:55:17,7200003
251,,BONDA,colombia-magdalena-santa-marta-7201329-bonda,7201329,,SRID=4326;POINT(-74.117302 11.239979),1,1,2022-1-13 17:55:17,2022-1-13 17:55:17,7200003
251,,TINAYUI II,colombia-magdalena-santa-marta-7201330-tinayui-ii,7201330,,SRID=4326;POINT(-74.150677 11.234613),1,1,2022-1-13 17:55:17,2022-1-13 17:55:17,7200003
251,,URBANIZACION VILLA DANIA,colombia-magdalena-santa-marta-7201331-urbanizacion-villa-dania,7201331,,SRID=4326;POINT(-74.139527 11.239829),1,1,2022-1-13 17:55:17,2022-1-13 17:55:17,7200003
251,,BUENOS AIRES,colombia-magdalena-santa-marta-7201332-buenos-aires,7201332,,SRID=4326;POINT(-74.14968 11.241591),1,1,2022-1-13 17:55:17,2022-1-13 17:55:17,7200003
251,,LA ESMERALDA,colombia-magdalena-santa-marta-7201333-la-esmeralda,7201333,,SRID=4326;POINT(-74.156709 11.228146),1,1,2022-1-13 17:55:17,2022-1-13 17:55:17,7200003
251,,LOS FUNDADORES,colombia-magdalena-santa-marta-7201334-los-fundadores,7201334,,SRID=4326;POINT(-74.159906 11.249544),1,1,2022-1-13 17:55:17,2022-1-13 17:55:17,7200003
251,,ALTOS DE VILLA CONCHA,colombia-magdalena-santa-marta-7201335-altos-de-villa-concha,7201335,,SRID=4326;POINT(-74.163102 11.255691),1,1,2022-1-13 17:55:17,2022-1-13 17:55:17,7200003
251,,DIVINO NIÑO,colombia-magdalena-santa-marta-7201336-divino-nino,7201336,,SRID=4326;POINT(-74.168201 11.253398),1,1,2022-1-13 17:55:17,2022-1-13 17:55:17,7200003
251,,VILLA SOLANO,colombia-magdalena-santa-marta-7201337-villa-solano,7201337,,SRID=4326;POINT(-74.176826 11.251582),1,1,2022-1-13 17:55:17,2022-1-13 17:55:17,7200003
251,,LUIS R CALVO,colombia-magdalena-santa-marta-7201338-luis-r-calvo,7201338,,SRID=4326;POINT(-74.173033 11.252799),1,1,2022-1-13 17:55:17,2022-1-13 17:55:17,7200003
251,,EL OASIS,colombia-magdalena-santa-marta-7201339-el-oasis,7201339,,SRID=4326;POINT(-74.164748 11.239203),1,1,2022-1-13 17:55:17,2022-1-13 17:55:17,7200003
251,,8 DE DICIEMBRE,colombia-magdalena-santa-marta-7201340-8-de-diciembre,7201340,,SRID=4326;POINT(-74.164368 11.240861),1,1,2022-1-13 17:55:17,2022-1-13 17:55:17,7200003
251,,VILLA PACHIN,colombia-magdalena-santa-marta-7201341-villa-pachin,7201341,,SRID=4326;POINT(-74.168414 11.237753),1,1,2022-1-13 17:55:17,2022-1-13 17:55:17,7200003
251,,TAYRONA,colombia-magdalena-santa-marta-7201342-tayrona,7201342,,SRID=4326;POINT(-74.17053 11.235458),1,1,2022-1-13 17:55:17,2022-1-13 17:55:17,7200003
251,,ARMERO,colombia-magdalena-santa-marta-7201343-armero,7201343,,SRID=4326;POINT(-74.165686 11.243015),1,1,2022-1-13 17:55:17,2022-1-13 17:55:17,7200003
251,,EL PANTANITO,colombia-magdalena-santa-marta-7201344-el-pantanito,7201344,,SRID=4326;POINT(-74.174378 11.240379),1,1,2022-1-13 17:55:17,2022-1-13 17:55:17,7200003
251,,LA ESTRELLA,colombia-magdalena-santa-marta-7201345-la-estrella,7201345,,SRID=4326;POINT(-74.175902 11.238964),1,1,2022-1-13 17:55:17,2022-1-13 17:55:17,7200003
251,,17 DE DICIEMBRE,colombia-magdalena-santa-marta-7201346-17-de-diciembre,7201346,,SRID=4326;POINT(-74.18073 11.246525),1,1,2022-1-13 17:55:17,2022-1-13 17:55:17,7200003
251,,SAN FERNANDO,colombia-magdalena-santa-marta-7201347-san-fernando,7201347,,SRID=4326;POINT(-74.186961 11.252792),1,1,2022-1-13 17:55:17,2022-1-13 17:55:17,7200003
251,,ENSENADA JUAN 23 I Y II,colombia-magdalena-santa-marta-7201348-ensenada-juan-23-i-y-ii,7201348,,SRID=4326;POINT(-74.18547 11.246994),1,1,2022-1-13 17:55:17,2022-1-13 17:55:17,7200003
251,,ENSENADA II,colombia-magdalena-santa-marta-7201349-ensenada-ii,7201349,,SRID=4326;POINT(-74.184524 11.246581),1,1,2022-1-13 17:55:17,2022-1-13 17:55:17,7200003
251,,SANTA MONICA,colombia-magdalena-santa-marta-7201350-santa-monica,7201350,,SRID=4326;POINT(-74.182655 11.248654),1,1,2022-1-13 17:55:17,2022-1-13 17:55:17,7200003
251,,NACHO VIVES,colombia-magdalena-santa-marta-7201351-nacho-vives,7201351,,SRID=4326;POINT(-74.190765 11.256681),1,1,2022-1-13 17:55:17,2022-1-13 17:55:17,7200003
251,,MEDIA LUNA,colombia-magdalena-santa-marta-7201352-media-luna,7201352,,SRID=4326;POINT(-74.194286 11.258584),1,1,2022-1-13 17:55:17,2022-1-13 17:55:17,7200003
251,,PESCAITO,colombia-magdalena-santa-marta-7201353-pescaito,7201353,,SRID=4326;POINT(-74.204578 11.254992),1,1,2022-1-13 17:55:17,2022-1-13 17:55:17,7200003
251,,SAN JORGE,colombia-magdalena-santa-marta-7201354-san-jorge,7201354,,SRID=4326;POINT(-74.207573 11.254051),1,1,2022-1-13 17:55:17,2022-1-13 17:55:17,7200003
251,,SAN JORGE,colombia-magdalena-santa-marta-7201355-san-jorge,7201355,,SRID=4326;POINT(-74.202189 11.258046),1,1,2022-1-13 17:55:17,2022-1-13 17:55:17,7200003
251,,SAN MARTIN,colombia-magdalena-santa-marta-7201356-san-martin,7201356,,SRID=4326;POINT(-74.211088 11.253048),1,1,2022-1-13 17:55:17,2022-1-13 17:55:17,7200003
251,,CERRO,colombia-magdalena-santa-marta-7201357-cerro,7201357,,SRID=4326;POINT(-74.211291 11.255943),1,1,2022-1-13 17:55:17,2022-1-13 17:55:17,7200003
251,,VILLA BETHEL,colombia-magdalena-santa-marta-7201358-villa-bethel,7201358,,SRID=4326;POINT(-74.189865 11.207126),1,1,2022-1-13 17:55:17,2022-1-13 17:55:17,7200003
251,,VILLA FRANCA,colombia-magdalena-santa-marta-7201359-villa-franca,7201359,,SRID=4326;POINT(-74.189095 11.208816),1,1,2022-1-13 17:55:17,2022-1-13 17:55:17,7200003
251,,ZONA INDUSTRIAL SANTA CRUZ,colombia-magdalena-santa-marta-7201360-zona-industrial-santa-cruz,7201360,,SRID=4326;POINT(-74.183276 11.212321),1,1,2022-1-13 17:55:17,2022-1-13 17:55:17,7200003
251,,URBANIZACION TERRANOVA,colombia-magdalena-santa-marta-7201361-urbanizacion-terranova,7201361,,SRID=4326;POINT(-74.178734 11.210232),1,1,2022-1-13 17:55:17,2022-1-13 17:55:17,7200003
251,,URBANIZACION PORTAL DEL TESORO,colombia-magdalena-santa-marta-7201362-urbanizacion-portal-del-tesoro,7201362,,SRID=4326;POINT(-74.176564 11.210374),1,1,2022-1-13 17:55:17,2022-1-13 17:55:17,7200003
251,,LA LUCHA,colombia-magdalena-santa-marta-7201363-la-lucha,7201363,,SRID=4326;POINT(-74.19243 11.216876),1,1,2022-1-13 17:55:17,2022-1-13 17:55:17,7200003
251,,VEINTE DE ENERO,colombia-magdalena-santa-marta-7201364-veinte-de-enero,7201364,,SRID=4326;POINT(-74.191922 11.219308),1,1,2022-1-13 17:55:17,2022-1-13 17:55:17,7200003
251,,URBANIZACION LOS LAURES,colombia-magdalena-santa-marta-7201365-urbanizacion-los-laures,7201365,,SRID=4326;POINT(-74.191163 11.222566),1,1,2022-1-13 17:55:17,2022-1-13 17:55:17,7200003
251,,CAÑAVERAL,colombia-magdalena-santa-marta-7201366-canaveral,7201366,,SRID=4326;POINT(-74.192218 11.222996),1,1,2022-1-13 17:55:17,2022-1-13 17:55:17,7200003
251,,ALTOS DE LA AVENIDAD,colombia-magdalena-santa-marta-7201367-altos-de-la-avenidad,7201367,,SRID=4326;POINT(-74.189138 11.230408),1,1,2022-1-13 17:55:17,2022-1-13 17:55:17,7200003
251,,JUNIN,colombia-magdalena-santa-marta-7201368-junin,7201368,,SRID=4326;POINT(-74.18094 11.233643),1,1,2022-1-13 17:55:17,2022-1-13 17:55:17,7200003
251,,VILLA DEL RIO,colombia-magdalena-santa-marta-7201369-villa-del-rio,7201369,,SRID=4326;POINT(-74.184968 11.23208),1,1,2022-1-13 17:55:17,2022-1-13 17:55:17,7200003
251,,EL REPOSO,colombia-magdalena-santa-marta-7201370-el-reposo,7201370,,SRID=4326;POINT(-74.180899 11.236924),1,1,2022-1-13 17:55:17,2022-1-13 17:55:17,7200003
251,,SIETE DE AGOSTO,colombia-magdalena-santa-marta-7201371-siete-de-agosto,7201371,,SRID=4326;POINT(-74.186976 11.235502),1,1,2022-1-13 17:55:17,2022-1-13 17:55:17,7200003
251,,LIBERTADOR,colombia-magdalena-santa-marta-7201372-libertador,7201372,,SRID=4326;POINT(-74.184288 11.236389),1,1,2022-1-13 17:55:17,2022-1-13 17:55:17,7200003
251,,SANTA LUCIA,colombia-magdalena-santa-marta-7201373-santa-lucia,7201373,,SRID=4326;POINT(-74.183472 11.233933),1,1,2022-1-13 17:55:17,2022-1-13 17:55:17,7200003
251,,PORVENIR POSTOBON,colombia-magdalena-santa-marta-7201374-porvenir-postobon,7201374,,SRID=4326;POINT(-74.188898 11.235301),1,1,2022-1-13 17:55:17,2022-1-13 17:55:17,7200003
251,,EL PEREGUETANO,colombia-magdalena-santa-marta-7201375-el-pereguetano,7201375,,SRID=4326;POINT(-74.189089 11.232997),1,1,2022-1-13 17:55:17,2022-1-13 17:55:17,7200003
251,,SAN PABLO,colombia-magdalena-santa-marta-7201376-san-pablo,7201376,,SRID=4326;POINT(-74.212511 11.223971),1,1,2022-1-13 17:55:17,2022-1-13 17:55:17,7200003
251,,PASTRANA,colombia-magdalena-santa-marta-7201377-pastrana,7201377,,SRID=4326;POINT(-74.209472 11.217369),1,1,2022-1-13 17:55:17,2022-1-13 17:55:17,7200003
251,,SAN JOSE DEL PANDO,colombia-magdalena-santa-marta-7201378-san-jose-del-pando,7201378,,SRID=4326;POINT(-74.200961 11.215893),1,1,2022-1-13 17:55:17,2022-1-13 17:55:17,7200003
251,,CERRO LA LLORONA,colombia-magdalena-santa-marta-7201379-cerro-la-llorona,7201379,,SRID=4326;POINT(-74.206725 11.210696),1,1,2022-1-13 17:55:17,2022-1-13 17:55:17,7200003
251,,COLINAS DEL PANDO,colombia-magdalena-santa-marta-7201380-colinas-del-pando,7201380,,SRID=4326;POINT(-74.196066 11.216053),1,1,2022-1-13 17:55:17,2022-1-13 17:55:17,7200003
251,,PUERTO MOSQUITO,colombia-magdalena-santa-marta-7201381-puerto-mosquito,7201381,,SRID=4326;POINT(-74.216449 11.234365),1,1,2022-1-13 17:55:17,2022-1-13 17:55:17,7200003
251,,RIOMAR,colombia-magdalena-santa-marta-7201382-riomar,7201382,,SRID=4326;POINT(-74.217183 11.234789),1,1,2022-1-13 17:55:17,2022-1-13 17:55:17,7200003
251,,BATALLON DE INFANTERIA DE CORDOBA,colombia-magdalena-santa-marta-7201383-batallon-de-infanteria-de-cordoba,7201383,,SRID=4326;POINT(-74.220244 11.230858),1,1,2022-1-13 17:55:17,2022-1-13 17:55:17,7200003
251,,CERRO SAN FERNANDO,colombia-magdalena-santa-marta-7201384-cerro-san-fernando,7201384,,SRID=4326;POINT(-74.221793 11.218286),1,1,2022-1-13 17:55:17,2022-1-13 17:55:17,7200003
